time,position_x,position_y
1627660346253290000,-10.9248227004228,10.8233070792152
1627660346354880000,-11.567213781915,11.6859039926395
1627660346453560000,-10.588919926703,11.8580198844724
1627660346553600000,-10.5496902095565,8.44286566413801
1627660346653610000,-9.82067363050833,10.4422120200845
1627660346753560000,-11.0282809413612,10.3387503566595
1627660346852970000,-11.2101977469341,10.6304125328464
1627660346953070000,-11.4017346448677,11.6736310002595
1627660347052970000,-10.772865645462,11.4867067674168
1627660347155610000,-9.90963202910899,11.521175133465
1627660347253040000,-10.372401957998,11.4415424037332
1627660347353810000,-10.1628766641728,9.91390761126045
1627660347453920000,-11.8619166696327,10.6312522441938
1627660347553370000,-10.1789616650792,12.0038351128954
1627660347653420000,-9.92954513855535,11.4518019701699
1627660347752890000,-11.2046791695863,11.2235639462163
1627660347853380000,-10.5241348776752,10.7898258995392
1627660347952970000,-11.5329140853376,11.5044479731478
1627660348053400000,-10.7413521463016,11.2072295294276
1627660348154270000,-10.044266224202,10.0623640535471
1627660348254450000,-10.3424227799816,11.25769196965
1627660348354740000,-9.31503153195564,11.0507652746766
1627660348453630000,-9.14803853297804,11.8004756175516
1627660348553380000,-10.4402704678259,10.5671595223704
1627660348653430000,-10.0788143336577,10.9215896538782
1627660348753510000,-9.67346553095783,9.99990753724683
1627660348853600000,-10.5445786386757,10.9849337639213
1627660348953250000,-10.6619136316043,10.0982661236718
1627660349053540000,-9.15278512123745,10.6174927354609
1627660349154530000,-10.3133630368609,11.1063397737756
1627660349253870000,-9.813825353835,10.3760519856757
1627660349353600000,-9.42441522525627,11.1831209126284
1627660349454120000,-9.72532173430646,12.5713815150335
1627660349554490000,-9.7037617257314,12.0674055608769
1627660349653490000,-8.30488061270398,11.3269626445663
1627660349753590000,-8.88293577085121,9.41785209721549
1627660349853720000,-9.64930615798198,10.8986440352942
1627660349953380000,-8.31456238123183,11.3565816515987
1627660350053780000,-9.93860657613257,10.7689886848535
1627660350154070000,-8.19603647248469,10.8602770111102
1627660350254150000,-8.71569503453217,10.7893977420054
1627660350355350000,-8.0944994780199,8.79831018539337
1627660350453370000,-8.21905436706701,11.091631774219
1627660350553490000,-7.51423473703555,10.1510368751436
1627660350653960000,-6.76929768519252,11.4579881701252
1627660350753200000,-7.69320834840522,9.92687797051844
1627660350853100000,-7.49868961817828,10.3598408844427
1627660350954100000,-6.7434005455677,10.8689324140451
1627660351053670000,-7.22064702895759,9.56621992991152
1627660351154310000,-7.91243784820239,11.1981073258963
1627660351253440000,-5.59445148555276,11.3293380153168
1627660351354460000,-6.53386653710938,11.0694595912753
1627660351453560000,-6.3093332252757,11.0202298160795
1627660351553650000,-6.43194972414307,10.0843674982786
1627660351653620000,-6.21812504343515,10.6183602523183
1627660351754020000,-6.36705920492602,10.981061568668
1627660351853270000,-5.90876787930567,10.686580342607
1627660351953490000,-5.09611143427977,10.1740659072949
1627660352054210000,-5.86907988550016,10.3019626106518
1627660352153980000,-6.81746178161473,9.16405361297235
1627660352253230000,-6.14548924226081,10.3205613202473
1627660352353860000,-5.38412907549916,10.1924091235535
1627660352453540000,-5.50731074146045,10.7669370970353
1627660352553260000,-5.01310164187096,10.4674960505614
1627660352653380000,-4.61311635808405,10.8091929966099
1627660352753020000,-4.02448923257417,9.47672905677948
1627660352853500000,-4.26082301871184,10.9299068766847
1627660352953600000,-4.57230746639185,11.1395770667399
1627660353054340000,-3.67361504408478,10.2981827127562
1627660353154140000,-3.43066138417785,9.16650642385772
1627660353253640000,-5.23190574649516,10.6466837564659
1627660353353430000,-4.56957821353186,9.87976135709013
1627660353454310000,-3.93136315035849,10.2046069292085
1627660353553570000,-4.51058616918558,9.5784470708446
1627660353655080000,-3.92286601199925,10.942220134291
1627660353753740000,-1.91155698121694,9.29069585643611
1627660353853420000,-2.2873176459898,10.9580695557336
1627660353953700000,-2.39102264389891,10.0332760921437
1627660354053290000,-2.8427246122285,9.40999423131991
1627660354154550000,-2.86665909150334,11.3054868228275
1627660354253910000,-2.32389945925975,9.35832320344749
1627660354353640000,-0.476064105301456,11.9039938106483
1627660354453840000,-1.57881037621913,11.3481937974969
1627660354553770000,-2.44143626856459,9.54914257408846
1627660354653360000,-1.2547967951081,11.0847464291581
1627660354753910000,-1.95201247650108,10.534539587207
1627660354854350000,-1.36461364488877,10.2963655744493
1627660354954860000,-2.68636792364601,9.78697399295375
1627660355053520000,-2.2455900311299,10.1733888217339
1627660355153490000,-0.885699892305428,10.8946496531638
1627660355254020000,0.691363398608827,11.9341963490393
1627660355355520000,-1.19186438259075,9.85062886400178
1627660355454730000,-1.63668456811348,11.186735728104
1627660355553060000,-1.10203550592848,10.4508907025098
1627660355653660000,-0.278243794113018,10.4430296562496
1627660355753480000,-0.298802150768991,10.2136033870247
1627660355853710000,0.692535418338567,10.2980537660481
1627660355953350000,0.902791854490333,10.5851750327684
1627660356053570000,1.53756882666617,9.99559228662061
1627660356153910000,0.593646750179191,8.73353232187133
1627660356253220000,1.07635565941637,9.87592248978132
1627660356353530000,-0.166075905615624,10.7599981843933
1627660356454060000,0.988456992327483,10.0356489374497
1627660356553540000,1.45503771854555,12.2875355380505
1627660356654180000,1.78068994094525,10.3000769120006
1627660356753290000,0.10192220631956,11.0274368644711
1627660356853550000,0.844077682636897,11.6103462130523
1627660356953630000,1.71308852947012,10.7325257903287
1627660357053990000,1.59128695471434,10.335741327992
1627660357154140000,1.25395544672313,9.77195840865955
1627660357254340000,1.47727465413086,10.8361122280308
1627660357353990000,2.35040827991889,10.4727647263616
1627660357455330000,3.04929218492018,9.85682705367539
1627660357556360000,2.54811592171759,11.1991156867874
1627660357654480000,1.63541224307917,9.99193964327267
1627660357754380000,2.776144276824,10.2319841723338
1627660357854740000,2.53420148188937,10.7758085293343
1627660357954730000,2.52431290263406,10.1380287752289
1627660358057430000,2.89536073934591,9.74730569007431
1627660358156150000,4.22182667832718,11.1479674831206
1627660358256720000,2.8395891618511,10.8445442982467
1627660358355240000,3.85657920045499,10.9538771993691
1627660358455300000,4.43337397458821,10.7138417827898
1627660358556640000,3.92185641134716,11.2474093312826
1627660358655850000,4.00501156624756,10.6662194114844
1627660358758510000,4.92567148864742,11.510355585617
1627660358856730000,3.63453475755648,10.9605125434796
1627660358955840000,3.55883411186658,11.3688873106447
1627660359061110000,4.43432382480014,11.2168255105985
1627660359156570000,5.63832255209059,11.0229220365712
1627660359256590000,4.20026141573704,11.8802000719187
1627660359357190000,4.31275232141818,11.5402169710104
1627660359460140000,5.15833487509345,10.4999544107647
1627660359555300000,5.43065241432789,11.3169586845056
1627660359659250000,6.15764812919435,11.3705589979295
1627660359754800000,5.94787342832996,11.1457012488802
1627660359857270000,6.14582902241984,11.8640847739551
1627660359955830000,6.84626004729698,12.7883942396496
1627660360057490000,6.44361393123059,11.064913315472
1627660360158760000,6.58240824541971,12.2482733123064
1627660360255390000,5.74877434006597,11.7848477961007
1627660360359300000,7.58581563587088,11.6519355893195
1627660360458070000,7.18053563977566,11.7653267777208
1627660360559150000,8.290216353351,12.2054825963014
1627660360657360000,7.12257734336621,10.7403842454898
1627660360757520000,8.43919739866542,12.3667735186488
1627660360857720000,7.20606995748875,12.2085708195531
1627660360956540000,7.68876768277713,12.4132771937591
1627660361054130000,8.01002763624789,12.0211925492861
1627660361158720000,8.45592559708144,12.2301455227433
1627660361257260000,7.50495219375799,11.8586344744975
1627660361359490000,8.54500414219667,12.5945176264931
1627660361455860000,7.87583297451846,12.7620868829087
1627660361558850000,7.43669821579104,12.9288549606057
1627660361656840000,8.62144398905214,11.9436909085008
1627660361755440000,9.34713711046039,12.4841523806133
1627660361867250000,7.90461340955137,12.68880374335
1627660361956270000,8.7224999862059,14.0102895224644
1627660362057730000,8.5590362909074,11.9101771665508
1627660362157690000,9.08949705054039,12.9221513961184
1627660362257980000,9.39428178276405,12.4313057158651
1627660362363370000,10.0430294967477,12.9612888925601
1627660362460350000,9.08957449157772,11.7985955011389
1627660362556170000,9.70004469216603,13.0112244437556
1627660362657610000,8.95555592793347,13.3111161929375
1627660362755190000,9.84726191099325,12.9837075048693
1627660362857700000,10.3921730559033,14.8194737920441
1627660362956210000,10.3617870015665,13.5750643070219
1627660363061490000,9.65271061580889,13.3962416918887
1627660363159420000,9.37823499801546,15.6628647007621
1627660363256010000,11.0717521431686,13.602274260341
1627660363358520000,9.56776871483049,13.3617354227403
1627660363456280000,11.7051251704208,11.9899207231728
1627660363557030000,11.3293846860225,14.5997980140153
1627660363658380000,10.9032735281227,14.3476581401961
1627660363757790000,11.2880214580079,14.2882356118994
1627660363857720000,11.3211174528848,14.6646180552482
1627660363958440000,11.337670223442,13.0584280800277
1627660364056160000,11.1525085308628,12.7905229719087
1627660364157960000,12.6168363578001,13.4389229047993
1627660364257360000,12.812185341321,12.9592404089897
1627660364357800000,11.4131469231361,14.3745666540834
1627660364455540000,12.1129117859633,12.8268567686798
1627660364556410000,11.9756112120977,13.6632746987966
1627660364655210000,11.9380427904477,13.7341100926156
1627660364755800000,12.30197441404,14.6939309957777
1627660364856780000,13.10989760853,13.4148914287992
1627660364958040000,13.2293655597333,13.4713570539157
1627660365056670000,13.5079952520033,13.8581081409903
1627660365158850000,13.4338718212116,14.1701551600338
1627660365255290000,13.9467322125338,14.5561852628953
1627660365356500000,13.7137518885582,13.5990418653071
1627660365455440000,12.9483081252619,13.7630762054891
1627660365555160000,12.9870716248337,14.2264780130196
1627660365659900000,15.0302899812723,13.3922109562758
1627660365756030000,15.1757322284264,14.6224229474498
1627660365854740000,14.2176498758851,13.9740136191733
1627660365957990000,15.3383462161522,14.7938265784229
1627660366059360000,16.2870342146221,12.6846007399396
1627660366158040000,13.9949845539836,14.4058922003059
1627660366255650000,14.7930274752971,13.3633820825745
1627660366355990000,14.2099443879584,13.5674067821261
1627660366457010000,14.8040293279712,13.2393261872087
1627660366556240000,15.3312074030488,13.2824906310772
1627660366659360000,16.2018670054365,12.5141362933815
1627660366754050000,14.8191679630159,12.2244885245182
1627660366856180000,17.1385869682084,13.474668475453
1627660366956620000,15.0912039320158,13.1239752284528
1627660367056080000,16.0851731103705,12.2658972886474
1627660367160650000,15.6090209145212,13.1004592331991
1627660367258300000,16.8426200477031,12.9696825385848
1627660367355890000,16.4990737779649,11.6474155741579
1627660367457970000,15.5534954008836,14.0273466073206
1627660367557150000,17.2710135750976,13.6014642326436
1627660367657050000,17.2536250301617,13.4022001195867
1627660367756340000,18.2725357512967,12.6350979652467
1627660367856680000,16.3846246549781,14.0994394868607
1627660367956630000,19.4545850315262,11.685234531522
1627660368056850000,18.4795468478124,12.7902378393537
1627660368157330000,16.9065823448624,11.0183805806886
1627660368260640000,16.8895662572784,11.4255612777193
1627660368356270000,17.6969416958054,12.5790868404349
1627660368457770000,17.5309943431601,11.6352620301123
1627660368556430000,17.6221086313454,12.4928948310449
1627660368656500000,18.3911893867615,11.874004458686
1627660368758220000,17.9514885429309,10.7847514319322
1627660368856780000,18.3403256791939,10.8343005815388
1627660368955910000,17.296067957106,11.8163172233252
1627660369058600000,18.6805269082533,10.8494970669557
1627660369156920000,18.367989458186,11.1534480487871
1627660369257400000,18.8618376593791,10.7020867700038
1627660369356190000,18.5752206794858,9.93158376654645
1627660369456380000,17.464640851824,11.4291919150197
1627660369556690000,19.3837513997726,10.6070886572585
1627660369657360000,17.3566835257069,11.1388608375752
1627660369757740000,19.5480938361617,10.5833297656256
1627660369855970000,19.6777384699855,9.79138231692597
1627660369956730000,19.2801415441132,9.97708263828557
1627660370056100000,19.5583303322833,9.48281709165921
1627660370161610000,18.8018402623716,9.29213022857482
1627660370254540000,18.6163989643356,8.86361494105238
1627660370356480000,20.4100634532387,9.51627243745711
1627660370454950000,18.5142683851788,8.72657701539094
1627660370555640000,19.0827290604238,9.52551261031176
1627660370655420000,19.0562240990841,8.56549027153292
1627660370756030000,19.2630590812197,8.25892774980333
1627660370856930000,19.6664013787393,8.34037551803554
1627660370955910000,18.3162725800364,9.70524850564333
1627660371055570000,19.7105981486549,9.44094021635729
1627660371157560000,19.7905537743555,8.27284859922679
1627660371258420000,20.0882413001872,8.56549769698711
1627660371357020000,18.7150804405311,8.9705048626341
1627660371456200000,17.9563961785536,7.82808078627935
1627660371556780000,19.999600074691,7.17241804769423
1627660371655630000,18.6196963038054,8.03368722333713
1627660371756620000,19.0169507991912,7.04137670836035
1627660371856670000,18.9593527245166,6.26899914887805
1627660371954610000,19.1059184025658,6.52418200825048
1627660372055950000,18.9026717377543,6.81752529269078
1627660372157060000,19.8796674811007,6.87689437667593
1627660372254460000,18.482099658792,6.80788646319273
1627660372356810000,19.9754282303826,5.69970445117557
1627660372456330000,19.1390476887946,6.67922077084669
1627660372555840000,20.6285135842199,4.57462660461772
1627660372658980000,19.116193175633,5.60662238674386
1627660372756090000,19.4933307626769,5.61628026319918
1627660372854520000,20.3230091628274,5.54082462612824
1627660372956870000,18.8416403879692,6.48762376698612
1627660373057280000,19.060502388807,6.07744214125239
1627660373154120000,20.100960820487,4.43320285967622
1627660373257190000,19.1278486507274,5.83629490143828
1627660373360600000,19.4723769688641,5.2115086648998
1627660373456380000,18.363850409699,4.8614802675233
1627660373558710000,19.3742224907923,5.8220738710616
1627660373658030000,18.9698443142363,4.88226541435398
1627660373758490000,18.5517537143276,3.11584193584269
1627660373854910000,18.2612203741598,3.84109338300819
1627660373957560000,18.0851690634928,3.86426375304305
1627660374057290000,19.7493172126332,5.2007915301499
1627660374159000000,17.5200627704674,3.36962952827547
1627660374254770000,17.9157369579624,3.65272657109663
1627660374356870000,18.7002237815371,3.14776199188144
1627660374457420000,17.1618808326641,3.96628657982657
1627660374557360000,18.1662421530292,2.83230959747545
1627660374656290000,18.9357105397685,2.99366874824468
1627660374756010000,17.3786371381109,4.01790945202467
1627660374856020000,18.1786193098032,2.50822661674553
1627660374959190000,17.8185846444294,2.2004153681977
1627660375064290000,18.3566272622113,2.32986146830727
1627660375163460000,17.8591371230269,0.897944741150604
1627660375258020000,18.4641951165385,1.53295164920591
1627660375360440000,17.9517261346567,1.05912365274196
1627660375456500000,17.8360391390588,2.18310176415087
1627660375555190000,18.8515896002875,1.95218180954506
1627660375655890000,16.9208422666039,0.962191503847541
1627660375756180000,17.3982526048076,1.40129066930571
1627660375856760000,16.7711536185071,3.31010384251197
1627660375956510000,16.2605318514091,0.736991029277736
1627660376055490000,17.3037717225278,0.736922863346968
1627660376155370000,17.7925526883059,1.21252893812037
1627660376255310000,17.9465545066238,0.520507591083578
1627660376358490000,17.1177339261018,-0.111395877697461
1627660376456280000,16.8570660668521,1.43919838964566
1627660376556380000,15.9962963147002,-0.385918595473637
1627660376659350000,17.0713641283903,0.531764976955156
1627660376756850000,16.2391530004925,0.128107247754069
1627660376855380000,16.9151622006999,0.20694331701125
1627660376955050000,18.7574924530186,-1.17760669858813
1627660377056090000,16.4800421417487,-0.730029318292693
1627660377159660000,16.0014059093705,-0.043447572358225
1627660377257700000,16.590322367345,0.509480131455267
1627660377356770000,17.2958363715723,-0.926684890051082
1627660377456420000,15.6564186335665,0.151283081671598
1627660377555900000,16.6175790919754,-1.58924327424349
1627660377658760000,15.9900450923883,-0.085116860726713
1627660377756290000,16.6361497993361,-1.27184331488069
1627660377856100000,16.3817231659527,-0.486786902338679
1627660377954870000,15.9362897905883,0.246870689359385
1627660378055830000,15.5986550650247,-1.30689406724889
1627660378158750000,16.4091045218593,-1.82232029293981
1627660378255760000,14.4864618702615,-1.89143361130263
1627660378356530000,15.564330073948,-1.98836145311905
1627660378455230000,16.109782512317,-1.96246018011558
1627660378556160000,14.9176977002038,-1.6935016053612
1627660378655420000,14.1619771506915,-0.577483781712586
1627660378756400000,14.5484231910007,-2.41465460931088
1627660378855080000,14.8994657492986,-2.37581625973821
1627660378956170000,13.7451235923309,-2.02333096019718
1627660379056010000,14.0438957435,-3.29852362285445
1627660379159790000,13.8750091375585,-2.67632388126582
1627660379255350000,14.2341443833387,-2.20418815182933
1627660379355100000,14.6949196987876,-2.54834144921198
1627660379455270000,14.2060115822912,-2.83488751436601
1627660379555400000,14.3104243282452,-3.99017523763105
1627660379659300000,14.5846887179626,-2.7384454456481
1627660379758660000,13.927004523825,-4.88441043030694
1627660379857990000,13.5841600840061,-3.20095755945286
1627660379956210000,12.7601885497773,-4.77150013760763
1627660380056900000,14.4320308560306,-3.1916856155172
1627660380157410000,11.9570778663113,-3.40569209961983
1627660380257490000,13.1807343184516,-3.56726615131991
1627660380356120000,12.5947387328718,-5.03839188870805
1627660380455540000,12.3699039454818,-3.50624783135247
1627660380555660000,12.3748777384869,-3.68676961550361
1627660380657550000,12.1362178293709,-4.04763680691814
1627660380755540000,13.4381791342989,-2.74769970813677
1627660380859730000,11.9405956473748,-4.45355947636967
1627660380956330000,13.0599822791177,-4.68147672944386
1627660381055970000,12.6635861336274,-4.0279366551771
1627660381157280000,11.337882442658,-4.07562869905541
1627660381256840000,12.4207722208341,-3.33490659257536
1627660381356260000,13.2383016276525,-5.11614390897118
1627660381457120000,12.1167217044218,-5.29441365154191
1627660381557560000,12.2103563832011,-4.64512661741914
1627660381655680000,10.746192539564,-5.70753243452759
1627660381755150000,10.1809387676749,-5.81370109386658
1627660381856280000,10.9187409060395,-4.42391488466781
1627660381954300000,11.0476067967677,-4.81487909739994
1627660382054890000,10.5272550816756,-3.88920249516045
1627660382157850000,10.5125745192979,-4.4064358759492
1627660382254920000,11.9535562912614,-4.32685039347273
1627660382356780000,10.3233035819963,-4.94280805641622
1627660382457420000,10.5202915744553,-4.4384453622149
1627660382557250000,9.72768804939094,-5.94838412841553
1627660382658960000,8.93423529741019,-5.54494696374921
1627660382758160000,10.56641483451,-5.93700671501032
1627660382856350000,8.83234739971343,-6.07400645317012
1627660382956390000,9.04657049745172,-4.94207000667312
1627660383055070000,8.56341876529768,-5.7526562112264
1627660383157000000,9.09856637717373,-4.3327660131877
1627660383256140000,8.46778766533386,-5.71185987787223
1627660383355700000,9.26345805208242,-6.47259370726806
1627660383456430000,7.84360138513878,-6.45256226024058
1627660383556630000,9.08947002274259,-5.84626681028036
1627660383653900000,9.29656112083691,-4.63944491920444
1627660383757220000,8.50190476456683,-6.02849969518163
1627660383856450000,7.76659353252596,-5.40711806072476
1627660383955490000,8.2956254173104,-6.37236657996485
1627660384057030000,8.20297223129634,-6.35175482815158
1627660384157550000,7.62634163522301,-6.42684555622756
1627660384255800000,9.66173775832424,-7.27186797889705
1627660384356340000,7.66768851324133,-6.45861677564253
1627660384456770000,6.73301520949127,-5.53066190237268
1627660384554870000,8.63408794809367,-5.80811166574628
1627660384656950000,6.56510193771108,-6.45556940119882
1627660384756770000,7.61707080836755,-4.8998419868301
1627660384856550000,7.21803713278193,-6.59855511202759
1627660384955640000,6.00647531660659,-7.05810666877099
1627660385055400000,7.01688702567287,-5.45021753494788
1627660385159100000,4.73010511384878,-7.45045801231794
1627660385259290000,6.39114519266659,-6.31467605491018
1627660385358490000,6.58153441073555,-6.74953808471246
1627660385457340000,5.52548780211135,-8.1785128487617
1627660385558670000,6.33281538866932,-7.18297697999653
1627660385657010000,5.90308339756005,-8.02857385254509
1627660385756850000,5.077771624569,-8.29069509668551
1627660385855960000,4.60136391555714,-7.26997062087539
1627660385955070000,7.70625523064678,-7.70091204167412
1627660386058720000,5.84435036815807,-7.20367932755406
1627660386157990000,6.11104712817976,-6.55914060504424
1627660386254560000,4.35705017747425,-7.4270382580615
1627660386357550000,3.44566992130692,-8.60171947160023
1627660386455770000,5.69403632518587,-6.03025269523773
1627660386557210000,5.6354367307774,-7.72478399231137
1627660386655550000,3.39376146410104,-7.63620444137941
1627660386755080000,4.54570480151733,-7.59017260508699
1627660386857700000,4.00111115738974,-6.63506589667118
1627660386955590000,4.98492005621603,-8.09578729429996
1627660387055310000,4.07144187137932,-7.65113343790257
1627660387156860000,3.4458960324947,-8.13301255574769
1627660387254820000,3.17417534320368,-7.79048079495839
1627660387356760000,3.30685183015227,-7.00410306206198
1627660387456740000,3.19788490665407,-8.54228729636773
1627660387557740000,3.45041581994505,-8.13768926200116
1627660387656280000,2.05266793064541,-8.01074769045409
1627660387756800000,1.78218433470469,-8.55014556574488
1627660387856240000,2.1312685869669,-7.70855128759922
1627660387956260000,2.67211950133537,-8.76608221235287
1627660388058970000,3.84948199706005,-8.77149824293963
1627660388157690000,1.58893031734219,-9.02078202807313
1627660388257380000,2.49717250119315,-9.08134118586245
1627660388355600000,2.76830096428929,-9.03582045341827
1627660388455690000,2.89881588452442,-8.28886172636029
1627660388554620000,2.28673815202393,-8.57711054474541
1627660388656980000,1.51573045956021,-7.94073488918086
1627660388759940000,2.71053461666612,-9.92690302669617
1627660388856380000,2.00204079130036,-9.37564436581366
1627660388957220000,2.34609326465775,-10.7538259712347
1627660389056480000,2.14265512309239,-9.24871630551821
1627660389159170000,-0.028961114118085,-10.9579061464542
1627660389257640000,0.787072231672818,-9.39555179968041
1627660389354170000,0.174110930507493,-10.1762358352086
1627660389455840000,0.881036184881262,-10.2929395322713
1627660389556330000,0.088550810667964,-9.38140347254164
1627660389654410000,1.53730117145504,-10.3133966034662
1627660389756710000,1.03929292193357,-10.8193320535842
1627660389855870000,-0.030663082258514,-9.92507408061677
1627660389957240000,0.53267276068338,-8.89491690564174
1627660390055370000,0.392840528939707,-10.3100916284214
1627660390158000000,0.917236143882543,-9.75767858795737
1627660390258070000,-0.334345488474419,-10.4878687510226
1627660390356630000,-0.303712369972407,-10.266239267761
1627660390458620000,0.173918792786283,-11.3802622544203
1627660390556390000,-1.7018817823418,-10.46951859149
1627660390656200000,-1.02017876609352,-11.0471955996423
1627660390756220000,-0.951714944652766,-11.7545692721042
1627660390854940000,0.089732989473603,-10.4295716780887
1627660390957570000,-0.567912008363087,-11.0046277704171
1627660391057250000,-1.07957078855658,-12.2543160435517
1627660391155690000,-2.90618409715056,-11.2679981703462
1627660391257030000,-1.74782746436539,-12.0387809081343
1627660391358570000,-2.39006168544791,-10.2417406233195
1627660391455220000,-1.92364207996844,-10.0810472733226
1627660391557010000,-2.04436884252717,-10.5014190306004
1627660391656140000,-3.3976458833009,-10.7600102273926
1627660391755330000,-1.54815073649477,-11.33245016185
1627660391855740000,-3.33602935447443,-13.1737293090644
1627660391958790000,-2.42888749652507,-11.089660321842
1627660392056840000,-2.68163973203918,-12.1965010572601
1627660392166510000,-2.63851578147272,-12.4111873485451
1627660392255590000,-3.43517158620811,-12.0845715196574
1627660392358520000,-2.96413827704903,-11.2599471423192
1627660392461350000,-2.88522674531593,-11.252339706344
1627660392557920000,-3.00114936714812,-11.9059402693511
1627660392655850000,-3.71518136590278,-11.4975738925457
1627660392756220000,-3.63650834130668,-13.0232712452511
1627660392856150000,-4.07020358263805,-12.0626582370375
1627660392956470000,-3.9859653174244,-12.6573109256487
1627660393055460000,-3.26606550974031,-12.060883784716
1627660393157460000,-3.9846180795695,-12.030370038935
1627660393254750000,-3.89691856594606,-12.2962158411625
1627660393356250000,-4.43923483468181,-12.0730711648057
1627660393458030000,-4.80536728430073,-12.7426549532345
1627660393555720000,-4.89261659646131,-12.0442752527137
1627660393658160000,-5.36651378485142,-13.9852280564555
1627660393757280000,-5.15327334116061,-12.0877774505727
1627660393857610000,-4.14908010989882,-13.6512891695338
1627660393957900000,-5.9613670253144,-11.5416608273479
1627660394056520000,-5.01869089428748,-13.0250747016894
1627660394158340000,-4.89452664629399,-12.1717930641961
1627660394259340000,-4.18846118149413,-13.5893494679115
1627660394356930000,-6.43182311719631,-13.6306613508078
1627660394456710000,-6.54204012572137,-14.4955871531164
1627660394556290000,-5.90340068444431,-13.6002570976761
1627660394657260000,-6.22273630762552,-14.6984447639167
1627660394755290000,-5.19410014969495,-14.7184956077281
1627660394856700000,-6.16746087890216,-13.4239828295348
1627660394954800000,-4.24614023688775,-14.1694510044369
1627660395056290000,-5.957903237466,-13.7994159494837
1627660395157740000,-7.18579787661614,-12.5686891364991
1627660395257110000,-7.71592054231022,-13.9172522330294
1627660395358130000,-5.56947073950841,-13.4437675525564
1627660395457620000,-6.70881966646294,-12.6444227544057
1627660395558360000,-7.95952113539992,-13.5345488290159
1627660395656980000,-7.73381336518905,-15.0132138163551
1627660395755880000,-7.25860082387312,-14.2592147635786
1627660395857400000,-8.53722725839448,-14.6639043785132
1627660395956130000,-6.1572630299932,-14.8257338732223
1627660396055270000,-9.17263595781379,-15.7549620297925
1627660396157060000,-7.90479247172443,-13.5158170735554
1627660396259790000,-7.15665870116857,-14.6829649342334
1627660396359070000,-7.69718656203476,-14.257276246908
1627660396454810000,-8.28997843968594,-14.8960002217402
1627660396556120000,-8.85872781229791,-13.958346271045
1627660396657050000,-9.95803864241366,-14.8137986423265
1627660396754130000,-8.41017341435877,-14.1114207894311
1627660396857600000,-8.95220112820928,-14.9474708973581
1627660396955350000,-9.44459305831616,-14.6649045244827
1627660397058330000,-7.8917926754034,-13.5941069663679
1627660397156660000,-8.49866788636405,-13.5958330030768
1627660397255730000,-9.06648942097665,-14.9852065320571
1627660397356640000,-11.0583523631899,-15.2098570465701
1627660397454860000,-9.73466703799259,-14.685595859113
1627660397556590000,-10.1617995632793,-14.9983751202447
1627660397655750000,-11.3800590865741,-14.4372423757087
1627660397755250000,-10.9091866594637,-15.3009601588979
1627660397856300000,-11.4930835483196,-14.8482593309368
1627660397957810000,-10.4344976373925,-13.6215981513828
1627660398058910000,-9.79233884727977,-14.2894772047985
1627660398157450000,-10.4775598266061,-13.5877697489319
1627660398257070000,-11.1438891720027,-14.4841559415376
1627660398357930000,-11.9011722478834,-13.5688270226331
1627660398453860000,-11.9675381645906,-14.1430735634623
1627660398556340000,-11.9536504374264,-15.5616366610266
1627660398660240000,-12.5040920185604,-14.3321644067598
1627660398755290000,-11.5808607665463,-13.0863000725526
1627660398856310000,-12.6694644953193,-13.929528383376
1627660398956120000,-12.2086051935107,-12.7111252689534
1627660399055650000,-13.2331623466882,-14.3143754283501
1627660399157100000,-11.7254357444627,-11.836650703227
1627660399255200000,-12.2828687093919,-14.4600091200273
1627660399356190000,-12.3892414121172,-14.7478817260783
1627660399455050000,-12.0038863682342,-14.3930411675502
1627660399560110000,-15.4686101050973,-12.5489685215144
1627660399656770000,-11.8357873225018,-12.4450375279338
1627660399756960000,-14.1884118269225,-13.2144408434563
1627660399855390000,-12.1403172826332,-12.6486954260256
1627660399957790000,-12.979329584755,-12.3177656156701
1627660400059110000,-12.9444825144585,-12.6762984202788
1627660400157710000,-13.2892334433593,-12.8613059895229
1627660400255590000,-12.0313309135324,-13.6121082512732
1627660400356430000,-13.0502518550913,-13.0831407600012
1627660400457010000,-13.971071362619,-11.1580907328641
1627660400555690000,-14.2170833712237,-13.8009387590698
1627660400656430000,-12.6883346938512,-12.2841979059935
1627660400754810000,-14.6858843464987,-11.9854952605437
1627660400855230000,-15.043830907262,-11.9560285195196
1627660400956300000,-14.6680849045861,-11.7638807916506
1627660401056920000,-15.4074911090998,-10.6128390847357
1627660401156210000,-13.6307989175471,-10.7785376563417
1627660401255950000,-14.6520884821189,-11.5169196666243
1627660401359790000,-14.5776061882906,-11.7886034028973
1627660401454900000,-14.7587356779651,-9.84668987356855
1627660401555610000,-14.2964092242498,-10.0994988053924
1627660401654410000,-15.0980402499305,-12.4838335709325
1627660401755580000,-14.3175014946958,-11.2794369422943
1627660401856400000,-15.1946199167324,-11.0718852850279
1627660401956720000,-15.5000430595417,-11.231182454146
1627660402057060000,-16.3465912168352,-9.91740024751497
1627660402158570000,-14.6688013581261,-12.0599250479673
1627660402255770000,-15.3840408833178,-8.65327999310359
1627660402354840000,-15.8574988145031,-9.66860159420703
1627660402457570000,-15.3788436476949,-11.096083648191
1627660402556050000,-16.2733663852942,-9.84707787315361
1627660402655570000,-16.65953291428,-10.4754820606964
1627660402755630000,-15.4450166785175,-8.25530998701148
1627660402855940000,-15.989417374219,-9.79481990742103
1627660402956540000,-15.3757578173165,-9.88883258027215
1627660403056640000,-14.4054015638659,-9.10576777234114
1627660403157300000,-15.7361137572716,-8.93829615904487
1627660403257360000,-15.0975505183293,-9.43487417265132
1627660403357150000,-16.5182092858738,-8.70170890457113
1627660403455490000,-15.6081375808264,-8.58463841604282
1627660403555430000,-15.6160808324649,-7.91404618585563
1627660403657670000,-17.5463156825591,-9.46017999262125
1627660403757940000,-16.1755444706785,-7.70808013831205
1627660403857150000,-16.6283112926409,-8.38456351503954
1627660403955820000,-16.3804087508035,-8.4118614291209
1627660404056950000,-17.0151040634207,-6.79016971523414
1627660404159350000,-16.2098008086959,-8.30540691891066
1627660404258480000,-16.2884823048858,-7.91399793599971
1627660404363280000,-16.5621895494475,-6.9056378829334
1627660404455590000,-14.5468601237132,-7.63127943138452
1627660404555170000,-17.7191394284573,-6.94469300921636
1627660404655240000,-16.858646752207,-7.2394269724631
1627660404755740000,-17.9360021867847,-6.80423864046274
1627660404854640000,-17.1378981488633,-6.72832334206178
1627660404956820000,-17.0127020866834,-6.36200628587664
1627660405057190000,-17.3628432213029,-7.51491717616689
1627660405158250000,-16.8254284169481,-5.99882073560918
1627660405255690000,-16.8750631170425,-6.64323858738895
1627660405357480000,-17.1070275191078,-6.2004433989672
1627660405455930000,-16.1806725743116,-5.91817590041178
1627660405556780000,-16.3089772245464,-7.10572861169382
1627660405655020000,-17.1415072019328,-4.00108638212644
1627660405755800000,-16.686116275114,-5.94228500738405
1627660405855130000,-17.4987286863295,-4.48739708825303
1627660405957620000,-15.8039125355364,-4.82641950859344
1627660406055530000,-17.7967603513942,-2.71023553471234
1627660406156660000,-16.3634105370063,-3.09305639432916
1627660406256880000,-17.245070859278,-4.48687047656426
1627660406358120000,-15.9567079917321,-4.30474915243488
1627660406455690000,-17.0384907397736,-2.74175808671364
1627660406559670000,-17.4489389631113,-5.87141394985817
1627660406656160000,-16.6884410639663,-4.07521995471436
1627660406756080000,-16.5564855834367,-3.10712420133871
1627660406857180000,-16.5708056882495,-2.91946997255902
1627660406956240000,-16.5673178328808,-3.8798196853551
1627660407058110000,-17.148337126048,-2.2925975556919
1627660407158470000,-15.9523677429418,-3.71227025128364
1627660407255560000,-15.9094781560835,-4.17538172976395
1627660407357190000,-16.01574085045,-4.54629248932309
1627660407457900000,-15.6193043440652,-2.72592105611849
1627660407554790000,-16.5049355178945,-1.64675619497762
1627660407658970000,-17.1238987104494,-2.38101316295792
1627660407758920000,-15.3170550200958,-2.4279495848876
1627660407854200000,-17.5643630465404,-3.61852837628522
1627660407957670000,-16.5615277285508,-1.87399889739171
1627660408057480000,-16.3972828603665,-2.90794707364687
1627660408158680000,-16.7896972498352,-1.46616775823776
1627660408254990000,-16.2288613385184,-1.9230481196706
1627660408355720000,-16.337763108767,-2.0502456630528
1627660408456400000,-16.2545542154973,-0.999258253148978
1627660408555200000,-16.3979651697202,-0.469018796117159
1627660408656380000,-16.7978250900706,-0.800178522093648
1627660408755930000,-14.8546066556147,-1.0648664602853
1627660408856180000,-15.7922719060013,-0.128952554600454
1627660408956510000,-15.3461888914389,-0.739634838073947
1627660409054950000,-15.0121219376151,-1.00358410670449
1627660409156160000,-15.4572681694399,0.489071956625543
1627660409255750000,-16.6295973858081,0.527003674441376
1627660409355330000,-15.0087366233153,0.884946641038073
1627660409455390000,-16.1126811437072,0.936877621784253
1627660409558820000,-17.5745992048186,0.396959878089255
1627660409655090000,-16.4788389244529,0.58334920680573
1627660409755560000,-15.6702661444002,0.706984061237769
1627660409854500000,-15.3311595155395,0.253904644586952
1627660409955620000,-16.6927871412663,0.521367701931774
1627660410054990000,-15.1882090152522,1.57533502015662
1627660410156480000,-15.2429420481874,1.52134493433312
1627660410256230000,-15.2535149833963,0.144938750276679
1627660410356370000,-16.3838452839778,2.13374172006237
1627660410457250000,-16.2209522610522,1.6895313503137
1627660410554730000,-16.2673445006783,1.90781533423242
1627660410654840000,-15.5359912210792,1.81454756705147
1627660410754910000,-14.9231001149141,2.0165474555732
1627660410856070000,-16.7814533442806,1.95051256494267
1627660410954880000,-15.4271346668056,1.22016174448658
1627660411056290000,-16.4485896642476,3.52357340466838
1627660411155420000,-15.1640152399866,3.32848511844899
1627660411256760000,-15.7639580029756,3.20998636817158
1627660411354870000,-15.2421154652686,1.8172989300415
1627660411456250000,-16.5255139056015,3.30414866163815
1627660411557370000,-15.689351573575,3.52760145755876
1627660411656390000,-15.3219087863794,3.53949283380656
1627660411756300000,-15.341051773725,4.87731942688622
1627660411856530000,-15.5736613065009,3.42124586728918
1627660411959550000,-15.0810422616564,4.81681084762376
1627660412057130000,-15.7783206229319,4.10965970577909
1627660412158300000,-15.126316692682,4.43498275152265
1627660412255610000,-16.1823428394398,4.63293306316967
1627660412356120000,-15.9559226574183,4.24461002380758
1627660412455230000,-15.5095300605488,6.08517861058435
1627660412557710000,-15.3637338217664,5.77995977116306
1627660412654990000,-14.6623447925994,3.72905933192756
1627660412756930000,-15.6225616622128,5.40905649396712
1627660412857440000,-15.3982111895509,6.21259559356507
1627660412958060000,-15.2010064644334,6.07668735489816
1627660413054590000,-15.8012085943897,4.32270468447096
1627660413155650000,-15.8448423073318,5.15887724223374
1627660413256010000,-15.2233719722187,5.96703809860076
1627660413355340000,-15.9688097745018,7.29445529285206
1627660413458650000,-13.8897323216851,6.81676070835526
1627660413557540000,-13.5225031898136,5.87903291876032
1627660413656160000,-14.2104613046115,6.21216398784833
1627660413755220000,-14.8083879658721,6.83969008635626
1627660413854470000,-16.4693270089777,7.0439118519367
1627660413958430000,-14.1573056793201,7.42642990155717
1627660414057260000,-14.0546272712124,7.21047042423428
1627660414157800000,-14.9504295514923,8.93637591887179
1627660414256240000,-14.4654595624296,7.92680645661035
1627660414355480000,-14.6327764794256,9.38230840749091
1627660414457740000,-14.6302427002998,8.20590714870595
1627660414556410000,-14.4264774001863,6.09225899834028
1627660414657410000,-15.3276017291826,8.22974110029609
1627660414757590000,-14.0645198348109,9.05959016545018
1627660414857520000,-14.1806251806938,8.08976184747805
1627660414955060000,-13.8491340449782,8.45920275198648
1627660415055050000,-13.9994713726996,10.5173815573085
1627660415157030000,-13.4096556211136,10.0222699264188
1627660415256290000,-14.2299468380608,9.91919315518826
1627660415356150000,-13.865361567628,9.59954603232385
1627660415455540000,-12.375595120528,8.92259458898603
1627660415560350000,-12.3495354185112,10.1255390061163
1627660415656420000,-12.4790309471777,10.6983729996267
1627660415759370000,-11.8903605885511,10.10872473418
1627660415855870000,-14.0294182635255,9.60861602258035
1627660415955790000,-12.5880050515749,11.4530612126063
1627660416056570000,-11.4478990948012,11.1021830087718
1627660416157800000,-12.1325747921645,11.3107377477554
1627660416255720000,-12.3400952906377,11.9684890671463
1627660416354130000,-11.0565281868556,11.3942866529783
1627660416456730000,-11.784222211812,11.7554664769913
1627660416556140000,-11.067602451839,10.9722624958752
1627660416655890000,-10.9747705421204,11.7011256087299
1627660416754970000,-9.8828385506505,10.6308289968447
1627660416856020000,-10.3907767516699,11.075959641647
1627660416955400000,-9.75590527218925,12.2980755396079
1627660417057570000,-10.9497301841415,10.7669846937746
1627660417158380000,-9.73722814059463,11.8634865178671
1627660417256600000,-8.86093191728943,11.4134685574908
1627660417356040000,-9.47789169574267,12.2994222165549
1627660417458700000,-10.2025349500944,10.2622827655454
1627660417555420000,-8.97802948126224,10.7556780927618
1627660417654940000,-9.54957161744487,10.6224572144962
1627660417755370000,-7.98619285646467,10.7248551909533
1627660417854330000,-8.75064808851715,10.3451414864737
1627660417954980000,-7.76113501313691,10.7821919234573
1627660418055890000,-7.30019110678574,11.099039149943
1627660418156260000,-5.98335716024261,11.2137568258292
1627660418255160000,-6.05361340207478,10.6043736943393
1627660418355310000,-5.94308409845293,9.95447061486544
1627660418456070000,-5.65075302531768,11.5466084468304
1627660418558810000,-7.3934683378433,11.2460930727378
1627660418655540000,-7.21450951565016,11.4147532815162
1627660418756510000,-4.9294630673522,10.725571110605
1627660418857350000,-4.11282085320386,10.7897041911251
1627660418954770000,-3.70928981944076,8.84824410632328
1627660419055230000,-3.94992456155048,10.7687970593974
1627660419155290000,-3.01552882101235,9.47461484970723
1627660419255010000,-3.78236100171668,10.4769605499606
1627660419358280000,-2.3201887455905,9.53325610654656
1627660419455740000,-2.08493088026651,9.26785473841028
1627660419555460000,-2.88092891603009,11.3183288205801
1627660419657310000,-2.62061216268147,10.1881889519783
1627660419754990000,-2.7237301350409,9.06642400182773
1627660419855870000,-1.95035417015609,9.07204229732018
1627660419957090000,-2.32332863024047,10.7012243721474
1627660420055300000,-1.0972346533034,8.71108019706817
1627660420154930000,-0.310631134274054,8.35562208640386
1627660420255490000,-1.10826850640709,9.01943104811019
1627660420355210000,-0.78925279985635,8.95126500345754
1627660420458370000,-0.847549472110362,9.81259028738114
1627660420555280000,-0.369665552815221,8.27568965157258
1627660420655940000,-0.086037827328393,8.94439007249679
1627660420756880000,0.288509807396026,9.02262381287178
1627660420855090000,0.521210352073544,9.63260565784512
1627660420955020000,1.09256188865855,8.56248342496614
1627660421055030000,1.21707892922614,10.2365684051402
1627660421156750000,0.93469540970013,8.47999668381158
1627660421255830000,2.24010398637726,9.18665780616601
1627660421356050000,1.95929387086189,8.62440442157749
1627660421455420000,1.7110891617155,11.2734935017542
1627660421556250000,2.52256519997313,9.90086181739984
1627660421656500000,2.24174185502456,10.1307585815816
1627660421756740000,2.90245754953486,10.2176283223474
1627660421855680000,2.24788258647154,11.7444053807802
1627660421956730000,4.27517452330877,9.94583570463233
1627660422056190000,4.10060069274289,11.2037095325724
1627660422156730000,3.70979713037769,11.9771273844523
1627660422257670000,6.07769360369377,10.3887716425155
1627660422356000000,3.94893399703951,10.7894596274309
1627660422457940000,6.43506657985402,10.5793423630225
1627660422559450000,6.12127088495859,12.3603638825259
1627660422656650000,4.82342344897192,11.7178102484798
1627660422755090000,6.16469830246839,12.1228355924935
1627660422855110000,6.36772787963386,12.3924980741609
1627660422954080000,8.02778082333013,12.0681854589591
1627660423055780000,7.1680005240351,11.6010496792846
1627660423156330000,6.54129562969781,12.3466782953322
1627660423255950000,7.2323418495895,10.9335184108387
1627660423356850000,7.53038422752384,14.6073040757022
1627660423455380000,8.68793957790832,13.0448804342099
1627660423555690000,7.56294514850876,12.7299202178977
1627660423654990000,8.93837198387048,14.0614831412628
1627660423756960000,8.4770299783064,13.4501123153016
1627660423856370000,9.49917355374383,13.8959662924939
1627660423957470000,9.62180372524568,13.7378938100242
1627660424056390000,9.43889588482376,15.3040032644015
1627660424157550000,10.4526222243737,14.0322098164
1627660424255290000,11.12591879936,14.0136597360567
1627660424355440000,11.092004400358,13.3005076539115
1627660424455770000,11.5862914238382,13.6272365288815
1627660424556880000,11.5280361793318,14.4120572599565
1627660424655040000,11.4289850525549,15.4308029629784
1627660424755700000,12.0777939336718,13.6817305293587
1627660424857570000,11.6698441640585,14.5289652432539
1627660424957210000,11.7858709864526,13.3377499610278
1627660425053950000,11.7177971496087,14.2140880218597
1627660425156640000,13.5032990744414,14.519969771396
1627660425256660000,13.6856983848587,14.4689043706866
1627660425355110000,12.3121875963447,14.0631586276367
1627660425454810000,12.6776135096962,13.2273355286272
1627660425557730000,14.0979301216967,15.0214312590009
1627660425655830000,13.9660427197855,14.640713171109
1627660425755590000,14.0144426867291,14.5100710738192
1627660425857440000,14.3109712441468,13.7327337238266
1627660425955320000,12.8225535189282,13.4042582579101
1627660426055170000,14.4426388713676,13.9273103971744
1627660426156800000,14.1112151010757,14.4168463648419
1627660426255540000,16.1054827894158,13.7573360691786
1627660426355070000,15.6011592744637,13.6731227537421
1627660426456600000,15.295060786018,14.313757329689
1627660426555340000,15.9805903082044,12.9143510468428
1627660426655820000,16.9129748854893,14.2841875417175
1627660426755710000,15.6628517298437,12.8951757335325
1627660426854580000,15.6959304627574,13.4990470491736
1627660426956340000,16.9684565764571,12.1412203709494
1627660427056110000,16.5004746561568,12.2625281154684
1627660427157940000,15.7799734341243,12.3097290160645
1627660427255230000,18.1764788628533,13.0188021453476
1627660427355920000,16.9869677209307,11.1537190791135
1627660427455340000,17.3120342841992,12.17304948117
1627660427557050000,16.7665992828691,12.0000728424545
1627660427654670000,18.9827388555269,12.7440548860784
1627660427756050000,18.1051380057373,11.5359265350973
1627660427855900000,18.428853142326,11.2658311144177
1627660427956160000,17.5748634875986,11.1136738779226
1627660428057120000,17.5069275048764,12.0820918701285
1627660428156240000,19.2854430409944,9.69377692030043
1627660428256800000,18.7083025407803,10.7189575174159
1627660428355160000,19.8493064186628,10.8753787832252
1627660428458110000,19.2097916408702,8.21844442093812
1627660428555580000,19.3745194443926,9.40880196498036
1627660428656560000,18.1517703435442,9.68532384044828
1627660428755700000,18.4229852451208,8.95893208752642
1627660428855050000,18.87853226765,8.85725575893126
1627660428958100000,18.8852456498728,10.0633759503089
1627660429055510000,18.7418713975271,8.4632885549637
1627660429158480000,18.2280271601602,8.70999373217703
1627660429255230000,18.8988674060987,7.85073853084302
1627660429353930000,20.2374140954453,6.82980990385817
1627660429454770000,18.8388797637615,7.65441796778284
1627660429558060000,18.3086322707364,5.79773704232989
1627660429659400000,19.8227131212684,6.59680889206329
1627660429756720000,19.8683260612581,7.11340830346781
1627660429856520000,19.3607417152115,5.30744825302463
1627660429955750000,19.7750539507001,6.35042798093329
1627660430058090000,18.3975570551207,6.29434670717075
1627660430159290000,17.9596675639328,6.52995722718982
1627660430256370000,18.7854483554081,5.80986405977262
1627660430354870000,18.8643931837341,4.80132059467989
1627660430455990000,19.3966934322162,4.46827664507163
1627660430556460000,18.8895113773572,3.70757892388552
1627660430656730000,18.504610722951,4.03152832142592
1627660430755580000,18.98605004934,3.07471358648141
1627660430855020000,17.7578539128983,2.74518648656405
1627660430954840000,18.6909257430111,2.95001645839177
1627660431054210000,18.1956556148098,3.14997648637368
1627660431160200000,18.3553277602455,1.64638385672388
1627660431254850000,18.2342966125874,3.14491702620964
1627660431358070000,16.9763921624734,1.9609584644253
1627660431455520000,16.9754857997364,2.38734724727333
1627660431554090000,16.6238698474119,1.27252192206137
1627660431655670000,16.2431424479701,1.28461405321505
1627660431756400000,16.0758791075907,0.708037633441726
1627660431855260000,14.9999187247764,0.157709386343839
1627660431955610000,17.3304056990665,0.226199665851973
1627660432055360000,17.7599240709213,1.19114583063167
1627660432156100000,16.2139161617848,0.419637518462023
1627660432254710000,15.9592012758884,0.215012722196105
1627660432361550000,16.8259787178054,-0.464728327361127
1627660432455220000,14.964130218663,0.231671226373529
1627660432555720000,16.2802503887283,0.449158859626006
1627660432656510000,16.3223063771766,-0.974132616505189
1627660432755890000,15.1908095806484,-1.78950936986497
1627660432855640000,16.1375854689313,-2.70788082994859
1627660432955870000,16.1864137385907,-2.34891937220711
1627660433056570000,14.3144740340916,-1.31100452756678
1627660433158720000,15.6846364112807,-1.95879945291652
1627660433256400000,15.1363916270508,-2.42423170584043
1627660433359440000,14.0547023997841,-2.84233348845746
1627660433456780000,14.0451064820037,-3.29781161268836
1627660433555050000,14.9798394538986,-2.70261425302082
1627660433656070000,13.3905568787954,-3.34017687232407
1627660433757800000,13.1288101555811,-3.17594236132929
1627660433857180000,12.4076516726151,-3.97976188715972
1627660433954610000,13.9670837068412,-4.1882535787348
1627660434057750000,12.1806050082499,-4.6271562481479
1627660434155930000,10.9920982554417,-3.34263075308586
1627660434255860000,12.5263890609067,-5.7288725492237
1627660434354590000,11.4169230206025,-4.3735125276701
1627660434457560000,11.562257581681,-4.1053013854426
1627660434556620000,11.0501810902121,-4.67110222670928
1627660434654100000,12.1895213887447,-3.86510129610348
1627660434756780000,10.9054266255245,-4.74633326494148
1627660434855090000,9.99030305788926,-5.08277436582455
1627660434957630000,10.720165783921,-5.94626069037865
1627660435057790000,8.68440332626563,-4.64700789972113
1627660435155630000,8.23674260995871,-4.14993184560743
1627660435255910000,7.67363652458566,-5.22717856832328
1627660435356540000,8.45252130941419,-6.35987365633357
1627660435455980000,6.93678197229055,-6.60985257136837
1627660435555810000,7.15785829204382,-6.4090846606507
1627660435655290000,7.76663303755925,-6.39043290433538
1627660435757420000,6.91315845392675,-6.73019264145524
1627660435855370000,5.90677398304207,-6.57893534508798
1627660435955500000,5.24628779874323,-7.15554326456243
1627660436055790000,4.39355684547947,-7.21567835484311
1627660436156560000,5.02893768315976,-6.94797198422684
1627660436254560000,4.69966065920046,-8.32394571080102
1627660436357550000,4.21773780501632,-7.59403190455392
1627660436458340000,5.72556898537468,-7.92566533868917
1627660436555430000,2.49870278756431,-8.33560926542067
1627660436657550000,4.90254798522123,-8.14129991165173
1627660436755500000,3.45159895456139,-8.68795677411388
1627660436856320000,2.34275192781261,-7.6577613278063
1627660436957000000,2.43452691070514,-7.39028108937812
1627660437057170000,1.40165630701344,-7.68020061062271
1627660437155820000,3.23477207516259,-8.49556286361411
1627660437255620000,2.16320686030414,-6.88708616763486
1627660437357600000,0.106492369220131,-8.76112113650127
1627660437455140000,0.604290756733769,-7.7724148963263
1627660437558300000,-0.681794463819512,-8.07629144346921
1627660437655070000,0.454151198550491,-9.1725254751628
1627660437755200000,0.518448272953338,-10.1660799360808
1627660437856410000,-0.784997438830577,-8.95181454888699
1627660437954500000,-2.27513783334776,-10.1613916117582
1627660438056980000,-1.24758700313184,-10.3600427022418
1627660438157110000,-1.92959147931821,-10.6539736700773
1627660438254550000,-1.68690209170392,-11.8634534631697
1627660438358420000,-2.11034190132419,-11.4863064172941
1627660438454370000,-3.04234877616877,-11.2316190571797
1627660438556700000,-2.61219041313585,-11.171244960717
1627660438656840000,-3.68864273412159,-13.8820146200173
1627660438755260000,-2.47725873318998,-12.7294665886708
1627660438856550000,-3.00305262960351,-11.3406591612
1627660438953650000,-3.5191749282273,-13.9351861356645
1627660439056460000,-3.3819921751626,-13.1822564108743
1627660439157620000,-4.16469984640854,-13.57669256167
1627660439257660000,-5.6355237304236,-13.3883844836179
1627660439355860000,-5.69155545115834,-13.5519874065121
1627660439457470000,-5.3222835904559,-14.246305988296
1627660439555430000,-5.97063425454253,-14.5760229203325
1627660439655510000,-6.4561102118477,-13.6299846342994
1627660439756330000,-6.76266687271731,-15.5951557149579
1627660439855410000,-6.73268093594217,-12.9357609394299
1627660439956540000,-6.27120140398572,-15.6783496014866
1627660440056510000,-7.75346914490046,-14.0505281895899
1627660440157300000,-7.69604079950021,-14.1583560288846
1627660440257500000,-7.92757721479492,-15.590548306941
1627660440357720000,-8.16406863086561,-14.5379196675884
1627660440458730000,-6.83566651326882,-15.6817032585574
1627660440554780000,-8.42627799246752,-15.0043158855592
1627660440657540000,-8.90276365373237,-15.1820660899427
1627660440757560000,-8.78481520250281,-16.0232716989156
1627660440856520000,-9.33382928764773,-15.7308159247218
1627660440956610000,-9.44267447050291,-15.7253782730178
1627660441054500000,-10.0867996531889,-14.9070650863834
1627660441156610000,-8.73372958199361,-15.038301511258
1627660441255750000,-11.6884348765671,-15.5024818778189
1627660441357310000,-9.04763457182233,-15.7807307736546
1627660441456100000,-9.7187139551156,-14.7300678738382
1627660441555640000,-8.52414177186532,-15.0738322550468
1627660441656400000,-9.95513285458316,-14.6155538545429
1627660441755920000,-10.0995099744951,-14.8024594625146
1627660441856420000,-10.9340422249219,-15.0083684098359
1627660441956750000,-11.2378222206752,-14.5961109590343
1627660442056480000,-12.1664754750481,-13.8391598424068
1627660442158110000,-11.7547334975491,-14.8788665390628
1627660442255530000,-13.3028614867849,-15.781377054621
1627660442356550000,-12.5553526820482,-14.5651501134517
1627660442455230000,-11.665494334988,-14.8088750945282
1627660442557390000,-11.6662418638709,-14.6896759503421
1627660442655900000,-12.803078519023,-14.6216910318099
1627660442755770000,-12.3073777261994,-14.1439626700816
1627660442855610000,-12.0362561923241,-13.6990108531498
1627660442955390000,-12.5806530243809,-13.2859938255365
1627660443056120000,-13.3344259282146,-13.7374553767054
1627660443156380000,-13.7009866905524,-13.7720518213436
1627660443255640000,-13.2298262313232,-12.6867640440183
1627660443356780000,-13.5163427427255,-12.4618405944569
1627660443455740000,-14.2968209872314,-13.1275941663494
1627660443553720000,-14.2825543026728,-11.5142969226194
1627660443657130000,-13.822912762763,-12.4478907389525
1627660443755480000,-14.9590799631486,-12.3114725935078
1627660443854130000,-13.9806726316274,-12.3881158526729
1627660443955140000,-15.317505251495,-11.4805256243066
1627660444057420000,-15.0765108250606,-11.1994407813897
1627660444156440000,-15.1059390093614,-11.0674929603314
1627660444255630000,-14.9121618820348,-11.722991873096
1627660444354680000,-16.4501681267543,-10.3812648953344
1627660444454740000,-15.8015979127079,-10.0888309053097
1627660444556300000,-16.6695274171914,-10.3151253987211
1627660444654730000,-16.1969969577531,-9.09759176298683
1627660444754820000,-15.3359930220861,-9.2767304295569
1627660444855520000,-16.1092105648721,-8.75665227063332
1627660444957910000,-14.803457006556,-8.18250086977078
1627660445056010000,-16.271342866246,-10.0844878831321
1627660445157770000,-15.8617546527884,-8.69258960459636
1627660445255450000,-15.8894297864694,-9.30133092849695
1627660445356550000,-16.0621769430691,-7.55024440075174
1627660445455000000,-15.8084500507363,-6.24042770364577
1627660445557750000,-14.550008074859,-9.16913892103439
1627660445656380000,-15.5448469309693,-6.05447156521481
1627660445754910000,-14.4914852772574,-7.71485670707774
1627660445854920000,-15.8490412452011,-6.97265755340524
1627660445955170000,-17.796208083801,-5.48992903083403
1627660446057170000,-16.4893321880906,-5.01116436658241
1627660446156010000,-16.1093018556278,-4.44798045878125
1627660446255960000,-16.1091503549737,-4.80417780039205
1627660446354600000,-17.1148341142517,-4.38074637478074
1627660446454660000,-15.7007793884458,-5.92827967068237
1627660446555850000,-15.8216152377618,-2.38044402152844
1627660446657300000,-17.000308233378,-3.1632093689323
1627660446755820000,-17.1290076278632,-1.97926917429027
1627660446854260000,-16.9710838162585,-4.47299994743973
1627660446955390000,-16.1838096720097,-3.30984712716109
1627660447053770000,-16.3873957614618,-2.86680997663212
1627660447156610000,-16.1055622470513,-0.508817300769538
1627660447254580000,-16.1620760802031,-2.06510111889527
1627660447355210000,-16.4802268509103,-1.13706741244757
1627660447457470000,-16.5441970989368,-0.398019322588026
1627660447555180000,-15.7182625516532,0.104868742899705
1627660447656260000,-16.1739527656172,0.797882292230681
1627660447755260000,-16.3721012031585,1.4360969017388
1627660447859350000,-14.5494554213412,0.885798466421011
1627660447955470000,-16.0257802292726,0.779030176756807
1627660448057040000,-15.8032279918932,1.76954735051089
1627660448156080000,-16.016785789353,1.43175930527326
1627660448254960000,-16.9046184310452,1.93654132456782
1627660448356200000,-15.2850234638252,3.78518241898091
1627660448456870000,-16.0389338503487,3.43321356836793
1627660448556040000,-15.7527315824982,3.43434275632938
1627660448655860000,-14.7718431683893,3.09829628455947
1627660448757370000,-16.4577442139211,5.66390234978886
1627660448854290000,-15.0460203345254,4.35943883307823
1627660448956470000,-15.3725152473817,5.24532706982108
1627660449056050000,-16.4336060507033,5.92934922949178
1627660449158360000,-15.4351620955476,4.97242759464331
1627660449257150000,-14.7683558751281,6.15879358372984
1627660449355170000,-15.9675544317252,6.49532307732004
1627660449457500000,-14.6200539981255,6.73843864786022
1627660449555840000,-15.538459147026,7.12435572071933
1627660449656920000,-15.1592265314223,7.33472017076479
1627660449755690000,-14.3558660787066,7.39309678387786
1627660449856470000,-14.4812655457022,7.2865983075425
1627660449958820000,-14.2785193596643,7.05634013919113
1627660450054590000,-13.8652833897654,6.46985495002534
1627660450157730000,-14.7205436906305,7.38362040394262
1627660450256730000,-13.5881904436605,7.11647555718511
1627660450356840000,-15.6385967034991,9.01242799697374
1627660450456780000,-14.1097275010435,7.00762532339141
1627660450556150000,-14.1083479819797,9.4729174632461
1627660450655800000,-14.4157286301679,7.73702957601173
1627660450756030000,-13.2376604474797,8.81632969496762
1627660450856840000,-14.4108428728617,9.58103633133519
1627660450957220000,-12.6850470201323,9.01204559347552
1627660451055350000,-13.3354076307401,9.73670547673173
1627660451157500000,-13.2290138121269,10.8066238924565
1627660451254730000,-13.4071002038547,9.90513018583186
1627660451355240000,-12.4062572728165,10.0784145715092
1627660451456680000,-12.638670081632,9.49072095448547
1627660451555450000,-14.102298322471,10.9219089099767
1627660451655920000,-11.9369472962814,10.7703147685865
1627660451756580000,-12.8828909245681,11.6501426468888
1627660451855530000,-12.6584277108111,10.9744678621872
1627660451955630000,-12.1842862508378,9.5803131705904
1627660452055840000,-12.5761358184845,10.4900042431301
1627660452157640000,-10.8674382790037,10.7022358669902
1627660452255400000,-12.8409001911422,11.0707061126238
1627660452355620000,-11.2879277592985,11.2311027710501
1627660452455540000,-10.8926799830687,13.1186023176686
1627660452553450000,-10.5214068727826,12.1314964965811
1627660452656890000,-9.37233475509424,11.5939949351094
1627660452757660000,-11.0838295700302,10.4762812562803
1627660452857550000,-9.98423714526573,12.8697633984677
1627660452955390000,-10.1892873532945,12.5824095681865
1627660453055590000,-9.96389511537044,12.6408727432252
1627660453158720000,-10.4437678132231,11.9500902205064
1627660453255630000,-9.01641629388437,11.522682226808
1627660453359600000,-8.95963101751024,11.4980857479614
1627660453458480000,-8.49998178467273,11.3999000761399
1627660453555490000,-9.70812619296428,10.8636016602801
1627660453655690000,-9.87058926121136,11.3755656199951
1627660453758030000,-8.92618899619338,11.6789211530117
1627660453859160000,-9.05190424813731,12.110101412036
1627660453957280000,-8.49408081713165,11.1214899756633
1627660454055030000,-8.73142662772954,12.5762648647658
1627660454157920000,-7.34513343524084,12.0013220548233
1627660454257030000,-8.6134302016525,11.0257983705383
1627660454356080000,-6.99004263930775,11.4173860821046
1627660454455300000,-6.19051810043498,11.0255979208435
1627660454555640000,-7.10170027251783,12.2358664021332
1627660454656130000,-7.23156849704481,10.9344239593552
1627660454754650000,-5.32139730340461,11.6832607304549
1627660454856510000,-6.55844873267859,11.1990732390091
1627660454956410000,-4.80074294930833,11.3859266867005
1627660455055880000,-4.76663712965707,11.7678394743234
1627660455158790000,-4.99775784009267,10.8657762464118
1627660455255620000,-5.35794171174015,10.7111057312719
1627660455356870000,-4.63115112600383,9.83825318782069
1627660455455430000,-5.67055023549528,9.75000440208662
1627660455556110000,-4.96350120387807,11.276570452184
1627660455655420000,-4.774868297018,10.2158118914114
1627660455759110000,-5.29136330539359,10.0295708699999
1627660455855080000,-2.50707299520345,9.69716904313664
1627660455957630000,-2.95174771127228,9.86533213671833
1627660456056620000,-2.87854130987075,9.56014296071039
1627660456156870000,-3.47038789172709,9.95204401427566
1627660456254110000,-2.02049664221583,9.28524050923942
1627660456356960000,-2.05147875142922,8.5605214681783
1627660456458670000,-2.43610042204343,9.04782581903383
1627660456556130000,-0.669257458399836,8.39334145399515
1627660456657770000,-2.17609251506005,10.2206169512857
1627660456759400000,-0.834727772506258,10.1055895427631
